Delete Sys_BusinType
Insert Into Sys_BusinType(BusinTypeID,BusinTypeName,IsCanEdit)Values('1001','规费类型','1')
Insert Into Sys_BusinType(BusinTypeID,BusinTypeName,IsCanEdit)Values('1002','乡镇','1')
Insert Into Sys_BusinType(BusinTypeID,BusinTypeName,IsCanEdit)Values('1003','磅房类型','1')
Insert Into Sys_BusinType(BusinTypeID,BusinTypeName,IsCanEdit)Values('1004','标识卡状态','0')
Insert Into Sys_BusinType(BusinTypeID,BusinTypeName,IsCanEdit)Values('1005','准运卡状态','0')
Insert Into Sys_BusinType(BusinTypeID,BusinTypeName,IsCanEdit)Values('1006','准运卡类型','0')
Insert Into Sys_BusinType(BusinTypeID,BusinTypeName,IsCanEdit)Values('1007','煤矿状态','0')
Insert Into Sys_BusinType(BusinTypeID,BusinTypeName,IsCanEdit)Values('1008','过磅类型','0')
Insert Into Sys_BusinType(BusinTypeID,BusinTypeName,IsCanEdit)Values('1009','煤种类型','1')
Insert Into Sys_BusinType(BusinTypeID,BusinTypeName,IsCanEdit)Values('1011','标识卡发卡类型','0')
Insert Into Sys_BusinType(BusinTypeID,BusinTypeName,IsCanEdit)Values('1012','省份','1')
Insert Into Sys_BusinType(BusinTypeID,BusinTypeName,IsCanEdit)Values('1013','车型号','1')
Insert Into Sys_BusinType(BusinTypeID,BusinTypeName,IsCanEdit)Values('1014','机构类型','1')
Insert Into Sys_BusinType(BusinTypeID,BusinTypeName,IsCanEdit)Values('1015','二次打印限打时间','1')
Insert Into Sys_BusinType(BusinTypeID,BusinTypeName,IsCanEdit)Values('1016','过境煤时间限制','1')
Insert Into Sys_BusinType(BusinTypeID,BusinTypeName,IsCanEdit)Values('1017','内部卡号与外部卡号差','1')
Insert Into Sys_BusinType(BusinTypeID,BusinTypeName,IsCanEdit)Values('1018','片区','1')
Insert Into Sys_BusinType(BusinTypeID,BusinTypeName,IsCanEdit)Values('1019','煤矿属性','1')
Insert Into Sys_BusinType(BusinTypeID,BusinTypeName,IsCanEdit)Values('1020','煤炭来源','1')
Insert Into Sys_BusinType(BusinTypeID,BusinTypeName,IsCanEdit)Values('1021','煤炭去向','1')
INSERT dbo.Sys_BusinType (BusinTypeID,BusinTypeName,IsCanEdit) values('1030','社员煤发货单位','1')
INSERT dbo.Sys_BusinType (BusinTypeID,BusinTypeName,IsCanEdit) values('1031','重车过磅收货单位','1')
INSERT INTO dbo.Sys_BusinType (BusinTypeID,BusinTypeName,IsCanEdit) VALUES('1032','社','1')
INSERT INTO dbo.Sys_BusinType (BusinTypeID,BusinTypeName,IsCanEdit) VALUES('1033','村','1')
INSERT INTO dbo.Sys_BusinType (BusinTypeID,BusinTypeName,IsCanEdit)
VALUES('1034','过境煤发货单位','1')
INSERT INTO dbo.Sys_BusinType (BusinTypeID,BusinTypeName,IsCanEdit)
VALUES('1035','过境煤收货单位','1')
GO


Delete Sys_Dictionary
Insert Into Sys_Dictionary(BusinID,BusinName,BusinTypeID,DisplayOrder,IsForbid,OtherInfo)Values('1','计量站','1003','0','0','')
Insert Into Sys_Dictionary(BusinID,BusinName,BusinTypeID,DisplayOrder,IsForbid,OtherInfo)Values('2','验票站','1003','0','0','')
Insert Into Sys_Dictionary(BusinID,BusinName,BusinTypeID,DisplayOrder,IsForbid,OtherInfo)Values('1','未使用','1004','0','0','')
Insert Into Sys_Dictionary(BusinID,BusinName,BusinTypeID,DisplayOrder,IsForbid,OtherInfo)Values('2','已使用','1004','0','0','')
Insert Into Sys_Dictionary(BusinID,BusinName,BusinTypeID,DisplayOrder,IsForbid,OtherInfo)Values('3','挂失','1004','0','0','')
Insert Into Sys_Dictionary(BusinID,BusinName,BusinTypeID,DisplayOrder,IsForbid,OtherInfo)Values('4','吊销','1004','0','0','')
Insert Into Sys_Dictionary(BusinID,BusinName,BusinTypeID,DisplayOrder,IsForbid,OtherInfo)Values('1','正常','1005','0','0','')
Insert Into Sys_Dictionary(BusinID,BusinName,BusinTypeID,DisplayOrder,IsForbid,OtherInfo)Values('2','挂失','1005','0','0','')
Insert Into Sys_Dictionary(BusinID,BusinName,BusinTypeID,DisplayOrder,IsForbid,OtherInfo)Values('3','吊销','1005','0','0','')
Insert Into Sys_Dictionary(BusinID,BusinName,BusinTypeID,DisplayOrder,IsForbid,OtherInfo)Values('1','正式卡','1006','0','0','')
Insert Into Sys_Dictionary(BusinID,BusinName,BusinTypeID,DisplayOrder,IsForbid,OtherInfo)Values('2','临时卡','1006','0','0','')
Insert Into Sys_Dictionary(BusinID,BusinName,BusinTypeID,DisplayOrder,IsForbid,OtherInfo)Values('1','正常营业','1007','0','0','')
Insert Into Sys_Dictionary(BusinID,BusinName,BusinTypeID,DisplayOrder,IsForbid,OtherInfo)Values('2','停产整顿','1007','0','0','')
Insert Into Sys_Dictionary(BusinID,BusinName,BusinTypeID,DisplayOrder,IsForbid,OtherInfo)Values('1','自动过磅','1008','0','0','')
Insert Into Sys_Dictionary(BusinID,BusinName,BusinTypeID,DisplayOrder,IsForbid,OtherInfo)Values('2','手动过磅','1008','0','0','')
Insert Into Sys_Dictionary(BusinID,BusinName,BusinTypeID,DisplayOrder,IsForbid,OtherInfo)Values('3','人工过磅','1008','0','0','')
Insert Into Sys_Dictionary(BusinID,BusinName,BusinTypeID,DisplayOrder,IsForbid,OtherInfo)Values('1','内销','1009','0','0','')
Insert Into Sys_Dictionary(BusinID,BusinName,BusinTypeID,DisplayOrder,IsForbid,OtherInfo)Values('2','外销','1009','0','0','')
Insert Into Sys_Dictionary(BusinID,BusinName,BusinTypeID,DisplayOrder,IsForbid,OtherInfo)Values('3','省外','1009','0','0','')
Insert Into Sys_Dictionary(BusinID,BusinName,BusinTypeID,DisplayOrder,IsForbid,OtherInfo)Values('4','民用','1009','0','0','')
Insert Into Sys_Dictionary(BusinID,BusinName,BusinTypeID,DisplayOrder,IsForbid,OtherInfo)Values('5','电煤','1009','0','0','')
Insert Into Sys_Dictionary(BusinID,BusinName,BusinTypeID,DisplayOrder,IsForbid,OtherInfo)Values('1','发卡','1011','1','0','')
Insert Into Sys_Dictionary(BusinID,BusinName,BusinTypeID,DisplayOrder,IsForbid,OtherInfo)Values('2','激活','1011','2','0','')
Insert Into Sys_Dictionary(BusinID,BusinName,BusinTypeID,DisplayOrder,IsForbid,OtherInfo)Values('1','磅房','1014','0','0','')
Insert Into Sys_Dictionary(BusinID,BusinName,BusinTypeID,DisplayOrder,IsForbid,OtherInfo)Values('2','煤管站','1014','0','0','')
Insert Into Sys_Dictionary(BusinID,BusinName,BusinTypeID,DisplayOrder,IsForbid,OtherInfo)Values('1','1','1015','0','0','')
Insert Into Sys_Dictionary(BusinID,BusinName,BusinTypeID,DisplayOrder,IsForbid,OtherInfo)Values('1','12','1016','0','0','')
Insert Into Sys_Dictionary(BusinID,BusinName,BusinTypeID,DisplayOrder,IsForbid,OtherInfo)
Values('1','-50000000','1017','0','0','')
Insert Into Sys_Dictionary(BusinID,BusinName,BusinTypeID,DisplayOrder,IsForbid,OtherInfo)Values('2','1100000000','1017','0','0','')
Insert Into Sys_Dictionary(BusinID,BusinName,BusinTypeID,DisplayOrder,IsForbid,OtherInfo)Values
('1','煤矿','1019','0','0','')
Insert Into Sys_Dictionary(BusinID,BusinName,BusinTypeID,DisplayOrder,IsForbid,OtherInfo)Values
('2','洗煤厂','1019','0','0','')
GO


Delete Sys_Menu
Insert Into Sys_Menu(MenuID,MenuName,MenuUrl,FunctionID,IsLeaf,MenuLevel,RootID,ParentsID,DisplayOrder,IcValue,IsPop,MenuSeq)Values('s0001','行业主管','','F01','0','0','0','0','1','','','s0001')
Insert Into Sys_Menu(MenuID,MenuName,MenuUrl,FunctionID,IsLeaf,MenuLevel,RootID,ParentsID,DisplayOrder,IcValue,IsPop,MenuSeq)Values('s0002','行业主管平台','','','0','1','s0001','s0001','1','1','0','s0001.s0002')
Insert Into Sys_Menu(MenuID,MenuName,MenuUrl,FunctionID,IsLeaf,MenuLevel,RootID,ParentsID,DisplayOrder,IcValue,IsPop,MenuSeq)Values('s0021','基本信息','','F08','0','2','s0002','s0002','1','','','s0002.s0021')
Insert Into Sys_Menu(MenuID,MenuName,MenuUrl,FunctionID,IsLeaf,MenuLevel,RootID,ParentsID,DisplayOrder,IcValue,IsPop,MenuSeq)Values('s0022','岗位维护','Position/PositionList.aspx','F08','1','3','s0002','s0021','1','','0','s0002.s0021.s0022')
Insert Into Sys_Menu(MenuID,MenuName,MenuUrl,FunctionID,IsLeaf,MenuLevel,RootID,ParentsID,DisplayOrder,IcValue,IsPop,MenuSeq)Values('s0023','机构维护','Organization/OrganizationList.aspx','','1','3','s0002','s0021','2','','0','s0002.s0021.s0023')
Insert Into Sys_Menu(MenuID,MenuName,MenuUrl,FunctionID,IsLeaf,MenuLevel,RootID,ParentsID,DisplayOrder,IcValue,IsPop,MenuSeq)Values('s0024','用户维护','Operator/OperatorList.aspx','','1','3','s0002','s0021','3','s0024.png','0','s0002.s0021.s0024')
Insert Into Sys_Menu(MenuID,MenuName,MenuUrl,FunctionID,IsLeaf,MenuLevel,RootID,ParentsID,DisplayOrder,IcValue,IsPop,MenuSeq)Values('s0025','菜单维护','Menu/MenuList.aspx','F08','1','3','s0002','s0021','4','','0','s0002.s0021.s0025')
Insert Into Sys_Menu(MenuID,MenuName,MenuUrl,FunctionID,IsLeaf,MenuLevel,RootID,ParentsID,DisplayOrder,IcValue,IsPop,MenuSeq)Values('s0026','字典维护','Dictionary/DictionaryList.aspx','','1','3','s0002','s0021','5','','0','s0002.s0021.s0026')
Insert Into Sys_Menu(MenuID,MenuName,MenuUrl,FunctionID,IsLeaf,MenuLevel,RootID,ParentsID,DisplayOrder,IcValue,IsPop,MenuSeq)Values('s0031','短信管理','','F08','0','2','s0002','s0002','1','','','s0002.s0031')
Insert Into Sys_Menu(MenuID,MenuName,MenuUrl,FunctionID,IsLeaf,MenuLevel,RootID,ParentsID,DisplayOrder,IcValue,IsPop,MenuSeq)Values('s0032','已发送短信','NoteInfo/SucceedSendMessageInfo.aspx','F08','1','3','s0002','s0031','1','','0','s0002.s0031.s0032')
Insert Into Sys_Menu(MenuID,MenuName,MenuUrl,FunctionID,IsLeaf,MenuLevel,RootID,ParentsID,DisplayOrder,IcValue,IsPop,MenuSeq)Values('s0033','待送短信','NoteInfo/ReadySendMessageInfo.aspx','F08','1','3','s0002','s0031','1','','0','s0002.s0031.s0033')
Insert Into Sys_Menu(MenuID,MenuName,MenuUrl,FunctionID,IsLeaf,MenuLevel,RootID,ParentsID,DisplayOrder,IcValue,IsPop,MenuSeq)Values('s0034','接收短信','NoteInfo/ReceiveMessageInfo.aspx','F08','1','3','s0002','s0031','1','','0','s0002.s0031.s0034')
Insert Into Sys_Menu(MenuID,MenuName,MenuUrl,FunctionID,IsLeaf,MenuLevel,RootID,ParentsID,DisplayOrder,IcValue,IsPop,MenuSeq)Values('s0035','发送失败短信','NoteInfo/FailerMessageInfo.aspx','F08','1','3','s0002','s0031','1','','0','s0002.s0031.s0035')
Insert Into Sys_Menu(MenuID,MenuName,MenuUrl,FunctionID,IsLeaf,MenuLevel,RootID,ParentsID,DisplayOrder,IcValue,IsPop,MenuSeq)Values('s0036','煤矿维护','Colliery/CollieryList.aspx','','1','3','s0002','s0021','6','','0','s0002.s0021.s0026')

Insert Into Sys_Menu(MenuID,MenuName,MenuUrl,FunctionID,IsLeaf,MenuLevel,RootID,ParentsID,DisplayOrder,IcValue,IsPop,MenuSeq)Values('s1000','调运系统','','F02','0','1','s0001','s0001','1','','','s0001.s1000')
Insert Into Sys_Menu(MenuID,MenuName,MenuUrl,FunctionID,IsLeaf,MenuLevel,RootID,ParentsID,DisplayOrder,IcValue,IsPop,MenuSeq)Values('s1001','基础信息管理','','','0','2','s1000','s1000','1','','','s0001.s1000.s1001')
Insert Into Sys_Menu(MenuID,MenuName,MenuUrl,FunctionID,IsLeaf,MenuLevel,RootID,ParentsID,DisplayOrder,IcValue,IsPop,MenuSeq)Values('s1002','煤种维护','../CoalTraffic/BaseSetting/CoalKind/DataList.aspx','','1','3','s1000','s1001','1','','0','s0001.s1000.s1001.s1002')
Insert Into Sys_Menu(MenuID,MenuName,MenuUrl,FunctionID,IsLeaf,MenuLevel,RootID,ParentsID,DisplayOrder,IcValue,IsPop,MenuSeq)Values('s1003','磅房维护','../CoalTraffic/BaseSetting/Room/RoomList.aspx','','1','3','s1000','S1001','2','','0','s0001.s1000.s1001.s1003')
Insert Into Sys_Menu(MenuID,MenuName,MenuUrl,FunctionID,IsLeaf,MenuLevel,RootID,ParentsID,DisplayOrder,IcValue,IsPop,MenuSeq)Values('s1004','监控设置','../CoalTraffic/BaseSetting/SetOperRoom/OperatorList.aspx','','1','3','s1000','S1001','3','','0','s0001.s1000.s1001.s1004')
Insert Into Sys_Menu(MenuID,MenuName,MenuUrl,FunctionID,IsLeaf,MenuLevel,RootID,ParentsID,DisplayOrder,IcValue,IsPop,MenuSeq)Values('s1005','煤矿设置','../CoalTraffic/BaseSetting/SetColliery/SetCollieryList.aspx','','1','3','s1000','s1001','4','','0','s0001.s1000.s1001.s1005')
INSERT INTO dbo.Sys_Menu (MenuID,MenuName,MenuUrl,IsLeaf,MenuLevel,RootID,ParentsID,DisplayOrder,
IsPop,MenuSeq) 
VALUES('s1006','社员维护','../CoalTraffic/FmsManage/fmsList.aspx',1,3,'s1000','s1001',5,0,'s0001.s1000.s1001.s1006')


Insert Into Sys_Menu(MenuID,MenuName,MenuUrl,FunctionID,IsLeaf,MenuLevel,RootID,ParentsID,DisplayOrder,IcValue,IsPop,MenuSeq)Values('s1011','税费管理','','','0','2','s1000','s1000','2','','0','s0001.s1000.s1011')
Insert Into Sys_Menu(MenuID,MenuName,MenuUrl,FunctionID,IsLeaf,MenuLevel,RootID,ParentsID,DisplayOrder,IcValue,IsPop,MenuSeq)Values('s1012','税费项目设置','../CoalTraffic/Tax/TAXITEMList.aspx','','1','3','s1000','s1011','1','','0','s0001.s1000.s1011.s1012')
Insert Into Sys_Menu(MenuID,MenuName,MenuUrl,FunctionID,IsLeaf,MenuLevel,RootID,ParentsID,DisplayOrder,IcValue,IsPop,MenuSeq)Values('s1013','税费单位设置','../CoalTraffic/Tax/TaxUnitList.aspx','','1','3','s1000','s1011','2','','0','s0001.s1000.s1011.s1013')
Insert Into Sys_Menu(MenuID,MenuName,MenuUrl,FunctionID,IsLeaf,MenuLevel,RootID,ParentsID,DisplayOrder,IcValue,IsPop,MenuSeq)Values('s1014','税费标准设置','../CoalTraffic/Tax/ItemDetailList.aspx','','1','3','s1000','s1011','3','s1014.png','0','s0001.s1000.s1011.s1014')
Insert Into Sys_Menu(MenuID,MenuName,MenuUrl,FunctionID,IsLeaf,MenuLevel,RootID,ParentsID,DisplayOrder,IcValue,IsPop,MenuSeq)Values('s1015','税费分配比例设置','../CoalTraffic/Tax/TaxAssignList.aspx','','1','3','s1000','s1011','4','','0','s0001.s1000.s1011.s1015')
Insert Into Sys_Menu(MenuID,MenuName,MenuUrl,FunctionID,IsLeaf,MenuLevel,RootID,ParentsID,DisplayOrder,IcValue,IsPop,MenuSeq)Values('s1016','过境煤税费设置','../CoalTraffic/Tax/OutItemDetailList.aspx','','1','3','s1000','s1011','5','','0','s0001.s1000.s1011.s1016')

Insert Into Sys_Menu(MenuID,MenuName,MenuUrl,FunctionID,IsLeaf,MenuLevel,RootID,ParentsID,DisplayOrder,IcValue,IsPop,MenuSeq)Values('s1021','标识卡管理','','','0','2','s1000','s1000','6','','0','s0001.s1000.s1021')
Insert Into Sys_Menu(MenuID,MenuName,MenuUrl,FunctionID,IsLeaf,MenuLevel,RootID,ParentsID,DisplayOrder,IcValue,IsPop,MenuSeq)Values('s1024','标识卡挂失','../CoalTraffic/MARKEDCARD/MarkedCardLose.aspx','','1','3','s1000','s1021','3','','0','s0001.s1000.s1021.s1024')
Insert Into Sys_Menu(MenuID,MenuName,MenuUrl,FunctionID,IsLeaf,MenuLevel,RootID,ParentsID,DisplayOrder,IcValue,IsPop,MenuSeq)Values('s1025','标识卡修改','../CoalTraffic/MARKEDCARD/MarkedCardList.aspx','','1','3','s1000','s1021','2','','0','s0001.s1000.s1021.s1025')
Insert Into Sys_Menu(MenuID,MenuName,MenuUrl,FunctionID,IsLeaf,MenuLevel,RootID,ParentsID,DisplayOrder,IcValue,IsPop,MenuSeq)Values('s1026','标识卡办理','../CoalTraffic/HG/MarkedCardAdd.aspx','','1','3','s1000','s1021','1','','0','s0001.s1000.s1021.s1026')

Insert Into Sys_Menu(MenuID,MenuName,MenuUrl,FunctionID,IsLeaf,MenuLevel,RootID,ParentsID,DisplayOrder,IcValue,IsPop,MenuSeq)Values('s1029','准运卡管理','','','0','2','s1000','s1000','5','','0','s0001.s1000.s1029')
Insert Into Sys_Menu(MenuID,MenuName,MenuUrl,FunctionID,IsLeaf,MenuLevel,RootID,ParentsID,DisplayOrder,IcValue,IsPop,MenuSeq)Values('s1033','准运卡办理','../CoalTraffic/Navicert/NavicertSend.aspx','','1','3','s1000','s1029','1','','0','s0001.s1000.s1029.s1033')
Insert Into Sys_Menu(MenuID,MenuName,MenuUrl,FunctionID,IsLeaf,MenuLevel,RootID,ParentsID,DisplayOrder,IcValue,IsPop,MenuSeq)Values('s1031','准运卡挂失','../CoalTraffic/Navicert/NavicertLose.aspx','','1','3','s1000','s1029','2','','0','s0001.s1000.s1029.s1031')
Insert Into Sys_Menu(MenuID,MenuName,MenuUrl,FunctionID,IsLeaf,MenuLevel,RootID,ParentsID,DisplayOrder,IcValue,IsPop,MenuSeq)Values('s1032','准运卡吊销','../CoalTraffic/Navicert/NavicertRevoke.aspx','','1','3','s1000','s1029','3','','0','s0001.s1000.s1029.s1032')

Insert Into Sys_Menu(MenuID,MenuName,MenuUrl,FunctionID,IsLeaf,MenuLevel,RootID,ParentsID,DisplayOrder,IcValue,IsPop,MenuSeq)Values('s1035','临时卡管理','','','1','3','s1000','s1000','7','','0','s0001.s1000.s1031.s1035')
Insert Into Sys_Menu(MenuID,MenuName,MenuUrl,FunctionID,IsLeaf,MenuLevel,RootID,ParentsID,DisplayOrder,IcValue,IsPop,MenuSeq)Values('s1036','临时卡挂失','../CoalTraffic/TempCard/TempCardLose.aspx','','1','3','s1000','s1035','3','','0','s0001.s1000.s1031.s1036')
Insert Into Sys_Menu(MenuID,MenuName,MenuUrl,FunctionID,IsLeaf,MenuLevel,RootID,ParentsID,DisplayOrder,IcValue,IsPop,MenuSeq)Values('s1037','临时卡吊销','../CoalTraffic/TempCard/TempCardRevoke.aspx','','1','3','s1000','s1035','3','','0','s0001.s1000.s1031.s1037')

Insert Into Sys_Menu(MenuID,MenuName,MenuUrl,FunctionID,IsLeaf,MenuLevel,RootID,ParentsID,DisplayOrder,IcValue,IsPop,MenuSeq)Values('s1041','煤矿账户管理','','','0','2','s1000','s1000','3','','0','s0001.s1000.s1041')
Insert Into Sys_Menu(MenuID,MenuName,MenuUrl,FunctionID,IsLeaf,MenuLevel,RootID,ParentsID,DisplayOrder,IcValue,IsPop,MenuSeq)Values('s1042','煤矿充值','../CoalTraffic/WaterBook/AcountAddList.aspx','','1','3','s1000','s1041','1','','0','s0001.s1000.s1041.s1042')
Insert Into Sys_Menu(MenuID,MenuName,MenuUrl,FunctionID,IsLeaf,MenuLevel,RootID,ParentsID,DisplayOrder,IcValue,IsPop,MenuSeq)Values('s1043','煤矿余额比对','../CoalTraffic/WaterBook/CollBalance.aspx','','1','3','s1000','s1041','3','','0','s0001.s1000.s1041.s1043')
Insert Into Sys_Menu(MenuID,MenuName,MenuUrl,FunctionID,IsLeaf,MenuLevel,RootID,ParentsID,DisplayOrder,IcValue,IsPop,MenuSeq)Values('s1044','煤矿账户结余','../CoalTraffic/WaterBook/AcountBalanceList.aspx','','1','3','s1000','s1041','4','','0','s0001.s1000.s1041.s1044')
Insert Into Sys_Menu(MenuID,MenuName,MenuUrl,FunctionID,IsLeaf,MenuLevel,RootID,ParentsID,DisplayOrder,IcValue,IsPop,MenuSeq)Values('s1045','煤矿账户封存','../CoalTraffic/WaterBook/SealAcount.aspx','','1','3','s1000','s1041','5','','0','s0001.s1000.s1041.s1045')
Insert Into Sys_Menu(MenuID,MenuName,MenuUrl,FunctionID,IsLeaf,MenuLevel,RootID,ParentsID,DisplayOrder,IcValue,IsPop,MenuSeq)Values('s1046','煤矿流水账查询','../CoalTraffic/WaterBook/WaterBookSearch.aspx','','1','3','s1000','s1041','6','s1046.png','0','s0001.s1000.s1041.s1046')
Insert Into Sys_Menu(MenuID,MenuName,MenuUrl,FunctionID,IsLeaf,MenuLevel,RootID,ParentsID,DisplayOrder,IcValue,IsPop,MenuSeq)Values('s1047','煤矿转账','../CoalTraffic/WaterBook/TransferAccounts.aspx','','1','3','s1000','s1041','2','','0','s0001.s1000.s1041.s1047')

Insert Into Sys_Menu(MenuID,MenuName,MenuUrl,FunctionID,IsLeaf,MenuLevel,RootID,ParentsID,DisplayOrder,IcValue,IsPop,MenuSeq)Values('s1052','过磅管理','','','0','2','s1000','s1000','8','','0','s0001.s1000.s1052')
Insert Into Sys_Menu(MenuID,MenuName,MenuUrl,FunctionID,IsLeaf,MenuLevel,RootID,ParentsID,DisplayOrder,IcValue,IsPop,MenuSeq)Values('s1053','添加重车过磅','../CoalTraffic/LoadWeight/LoadWeightEdit.aspx','','1','3','s1000','s1052','1','','0','s0001.s1000.s1052.s1053')
Insert Into Sys_Menu(MenuID,MenuName,MenuUrl,FunctionID,IsLeaf,MenuLevel,RootID,ParentsID,DisplayOrder,IcValue,IsPop,MenuSeq)Values('s1054','修改重车过磅','../CoalTraffic/LoadWeight/LoadWeightEditList.aspx','','1','3','s1000','s1052','2','','0','s0001.s1000.s1052.s1054')
Insert Into Sys_Menu(MenuID,MenuName,MenuUrl,FunctionID,IsLeaf,MenuLevel,RootID,ParentsID,DisplayOrder,IcValue,IsPop,MenuSeq)Values('s1055','添加散煤过磅','../CoalTraffic/LoadWeight/SpreadWeightEdit.aspx','','1','3','s1000','s1052','3','','0','s0001.s1000.s1052.s1055')
Insert Into Sys_Menu(MenuID,MenuName,MenuUrl,FunctionID,IsLeaf,MenuLevel,RootID,ParentsID,DisplayOrder,IcValue,IsPop,MenuSeq)Values('s1056','修改散煤过磅','../CoalTraffic/LoadWeight/SpreadWeightEditList.aspx','','1','3','s1000','s1052','4','','0','s0001.s1000.s1052.s1056')
Insert Into Sys_Menu(MenuID,MenuName,MenuUrl,FunctionID,IsLeaf,MenuLevel,RootID,ParentsID,DisplayOrder,IcValue,IsPop,MenuSeq)Values('s1057','添加过境煤过磅','../CoalTraffic/OutLoadWeight/OutLoadWeightEdit.aspx','','1','3','s1000','s1052','5','','0','s0001.s1000.s1052.s1057')
Insert Into Sys_Menu(MenuID,MenuName,MenuUrl,FunctionID,IsLeaf,MenuLevel,RootID,ParentsID,DisplayOrder,IcValue,IsPop,MenuSeq)Values('s1058','修改过境煤过磅','../CoalTraffic/OutLoadWeight/OutLoadWeightEditList.aspx','','1','3','s1000','s1052','6','','0','s0001.s1000.s1052.s1058')

Insert Into Sys_Menu(MenuID,MenuName,MenuUrl,FunctionID,IsLeaf,MenuLevel,RootID,ParentsID,DisplayOrder,IcValue,IsPop,MenuSeq)Values('s1061','统计报表','','','0','2','s1000','s1000','10','','0','s0001.s1000.s1061')
Insert Into Sys_Menu(MenuID,MenuName,MenuUrl,FunctionID,IsLeaf,MenuLevel,RootID,ParentsID,DisplayOrder,IcValue,IsPop,MenuSeq)Values('s1062','煤种出煤量统计','../CoalTraffic/Report/CoalKindNameStat.aspx','','1','3','s1000','s1061','1','','0','s0001.s1000.s1061.s1062')
Insert Into Sys_Menu(MenuID,MenuName,MenuUrl,FunctionID,IsLeaf,MenuLevel,RootID,ParentsID,DisplayOrder,IcValue,IsPop,MenuSeq)Values('s1063','煤矿出煤量统计','../CoalTraffic/Report/CollNameStat.aspx','','1','3','s1000','s1061','2','s1063.png','0','s0001.s1000.s1061.s103')
Insert Into Sys_Menu(MenuID,MenuName,MenuUrl,FunctionID,IsLeaf,MenuLevel,RootID,ParentsID,DisplayOrder,IcValue,IsPop,MenuSeq)Values('s1064','计量站出煤量统计','../CoalTraffic/Report/MeasRoomStat.aspx','','1','3','s1000','s1061','3','','0','s0001.s1000.s1061.s1064')
Insert Into Sys_Menu(MenuID,MenuName,MenuUrl,FunctionID,IsLeaf,MenuLevel,RootID,ParentsID,DisplayOrder,IcValue,IsPop,MenuSeq)Values('s1065','验票站出煤量统计','../CoalTraffic/Report/CheckRoomStat.aspx','','1','3','s1000','s1061','4','','0','s0001.s1000.s1061.s1065')
Insert Into Sys_Menu(MenuID,MenuName,MenuUrl,FunctionID,IsLeaf,MenuLevel,RootID,ParentsID,DisplayOrder,IcValue,IsPop,MenuSeq)Values('s1066','验票站过磅明细单','../CoalTraffic/Report/CheckinStationStat.aspx','','1','4','s1000','s1061','5','','0','s0001.s・1000.s1061.s1066')
Insert Into Sys_Menu(MenuID,MenuName,MenuUrl,FunctionID,IsLeaf,MenuLevel,RootID,ParentsID,DisplayOrder,IcValue,IsPop,MenuSeq)Values('s1067','计量站过磅明细单','../CoalTraffic/Report/MeasInfoStat.aspx','','1','5','s1000','s1061','6','','0','s0001.s1000.s1061.s1067')
Insert Into Sys_Menu(MenuID,MenuName,MenuUrl,FunctionID,IsLeaf,MenuLevel,RootID,ParentsID,DisplayOrder,IcValue,IsPop,MenuSeq)Values('s1068','煤矿充值明细单','../CoalTraffic/Report/CollWaterBookStat.aspx','','1','6','s1000','s1061','7','','0','s0001.s1000.s1061.s1068')
Insert Into Sys_Menu(MenuID,MenuName,MenuUrl,FunctionID,IsLeaf,MenuLevel,RootID,ParentsID,DisplayOrder,IcValue,IsPop,MenuSeq)Values('s1069','煤矿标识卡使用情况统计','../CoalTraffic/Report/MarkedCardState.aspx','','1','7','s1000','s1061','8','','0','s0001.s1000.s1061.s1069')
Insert Into Sys_Menu(MenuID,MenuName,MenuUrl,FunctionID,IsLeaf,MenuLevel,RootID,ParentsID,DisplayOrder,IcValue,IsPop,MenuSeq)Values('s1070','税费分配统计','../CoalTraffic/Report/TaxAssign.aspx','','1','7','s1000','s1061','9','s1070.png','0','s0001.s1000.s1061.s1070')
Insert Into Sys_Menu(MenuID,MenuName,MenuUrl,FunctionID,IsLeaf,MenuLevel,RootID,ParentsID,DisplayOrder,IcValue,IsPop,MenuSeq)Values('s1071','过境煤过磅明细单','../CoalTraffic/Report/OutLoadWeightInfoState.aspx','','1','9','s1000','s1061','10','','0','s0001.s2000.s1061.s1071')
Insert Into Sys_Menu(MenuID,MenuName,MenuUrl,FunctionID,IsLeaf,MenuLevel,RootID,ParentsID,DisplayOrder,IcValue,IsPop,MenuSeq)Values('s1072','过境煤煤种税费统计','../CoalTraffic/Report/OutLoadWeightTaxState.aspx','','1','1','s1000','s1061','11','','0','s0001.s2000.s1061.s1072')



Insert Into Sys_Menu(MenuID,MenuName,MenuUrl,FunctionID,IsLeaf,MenuLevel,RootID,ParentsID,DisplayOrder,IcValue,IsPop,MenuSeq)Values('s1081','日志查询','','','0','2','s1000','s1000','9','','0','s0001.s1000.s1081')
Insert Into Sys_Menu(MenuID,MenuName,MenuUrl,FunctionID,IsLeaf,MenuLevel,RootID,ParentsID,DisplayOrder,IcValue,IsPop,MenuSeq)Values('s1082','操作日志查询','../CoalTraffic/Search/OperateLog.aspx','','1','3','s1000','s1081','1','','0','s0001.s1000.s1081.s1082')
Insert Into Sys_Menu(MenuID,MenuName,MenuUrl,FunctionID,IsLeaf,MenuLevel,RootID,ParentsID,DisplayOrder,IcValue,IsPop,MenuSeq)Values('s1083','准运卡操作日志查询','../CoalTraffic/Search/NavicertLog.aspx','','1','3','s1000','s1081','2','','0','s0001.s1000.s1081.s1083')
Insert Into Sys_Menu(MenuID,MenuName,MenuUrl,FunctionID,IsLeaf,MenuLevel,RootID,ParentsID,DisplayOrder,IcValue,IsPop,MenuSeq)Values('s1084','标识卡发卡日志查询','../CoalTraffic/Search/MarkedCardSendLog.aspx','','1','3','s1000','s1081','3','','0','s0001.s1000.s1081.s1084')
Insert Into Sys_Menu(MenuID,MenuName,MenuUrl,FunctionID,IsLeaf,MenuLevel,RootID,ParentsID,DisplayOrder,IcValue,IsPop,MenuSeq)Values('s1085','重车过磅修改日志查询','../CoalTraffic/Search/LoadWeightEditLog.aspx','','1','3','s1000','s1081','4','','0','s0001.s1000.s1081.s1085')
Insert Into Sys_Menu(MenuID,MenuName,MenuUrl,FunctionID,IsLeaf,MenuLevel,RootID,ParentsID,DisplayOrder,IcValue,IsPop,MenuSeq)Values('s1086','重车修改备份查询','../CoalTraffic/Search/LoadWeightBackupSearch.aspx','','1','3','s1000','s1081','5','','0','s0001.s1000.s1081.s1086')
Insert Into Sys_Menu(MenuID,MenuName,MenuUrl,FunctionID,IsLeaf,MenuLevel,RootID,ParentsID,DisplayOrder,IcValue,IsPop,MenuSeq)Values('s1087','车辆登记信息修改日志查询','../CoalTraffic/Search/CarInfoEditLog.aspx','','1','3','s1000','s1081','6','','0','s0001.s1000.s1081.s1087')
Insert Into Sys_Menu(MenuID,MenuName,MenuUrl,FunctionID,IsLeaf,MenuLevel,RootID,ParentsID,DisplayOrder,IcValue,IsPop,MenuSeq)Values('s1088','二次打印日志查询','../CoalTraffic/Search/TwoPrintLog.aspx','','1','3','s1000','s1081','7','','0','s0001.s1000.s1081.s1088')

Insert Into Sys_Menu(MenuID,MenuName,MenuUrl,FunctionID,IsLeaf,MenuLevel,RootID,ParentsID,DisplayOrder,IcValue,IsPop,MenuSeq)Values('s1089','业务查询','','','0','2','s1000','s1000','9','','0','s0001.s1000.s1089')
Insert Into Sys_Menu(MenuID,MenuName,MenuUrl,FunctionID,IsLeaf,MenuLevel,RootID,ParentsID,DisplayOrder,IcValue,IsPop,MenuSeq)
Values('s1090','标识卡查询','../CoalTraffic/Search/MarkedCardSearch.aspx','','1','3','s1000','s1089','1','','0','s0001.s1000.s1089.s1090')
Insert Into Sys_Menu(MenuID,MenuName,MenuUrl,FunctionID,IsLeaf,MenuLevel,RootID,ParentsID,DisplayOrder,IcValue,IsPop,MenuSeq)
Values('s1091','准运卡查询','../CoalTraffic/Search/NavicertSearch.aspx','','1','3','s1000','s1089','2','','0','s0001.s1000.s1089.s1091')
Insert Into Sys_Menu(MenuID,MenuName,MenuUrl,FunctionID,IsLeaf,MenuLevel,RootID,ParentsID,DisplayOrder,IcValue,IsPop,MenuSeq)
Values('s1092','车辆信息查询','../CoalTraffic/Search/CarInfoSearch.aspx','','1','3','s1000','s1089','3','','0','s0001.s1000.s1089.s1092')
Insert Into Sys_Menu(MenuID,MenuName,MenuUrl,FunctionID,IsLeaf,MenuLevel,RootID,ParentsID,DisplayOrder,IcValue,IsPop,MenuSeq)
Values('s1093','重车过磅查询','../CoalTraffic/Search/LoadWeightSearch.aspx','','1','3','s1000','s1089','4','','0','s0001.s1000.s1089.s1093')
Insert Into Sys_Menu(MenuID,MenuName,MenuUrl,FunctionID,IsLeaf,MenuLevel,RootID,ParentsID,DisplayOrder,IcValue,IsPop,MenuSeq)
Values('s1094','过境煤过磅查询','../CoalTraffic/Search/OutLoadWeightSearch.aspx','','1','3','s1000','s1089','5','','0','s0001.s1000.s1089.s1094')

Insert Into Sys_Menu(MenuID,MenuName,MenuUrl,FunctionID,IsLeaf,MenuLevel,RootID,ParentsID,DisplayOrder,IcValue,IsPop,MenuSeq)Values('s1101','实时报警','','','0','2','s1000','s1000','11','','0','s0001.s1000.s1101')
Insert Into Sys_Menu(MenuID,MenuName,MenuUrl,FunctionID,IsLeaf,MenuLevel,RootID,ParentsID,DisplayOrder,IcValue,IsPop,MenuSeq)Values('s1102','违规报警','../CoalTraffic/Warning/BadRecord.aspx','','1','3','s1000','s1101','1','s0036.png','0','s0001.s1000.s1101.s1102')
Insert Into Sys_Menu(MenuID,MenuName,MenuUrl,FunctionID,IsLeaf,MenuLevel,RootID,ParentsID,DisplayOrder,IcValue,IsPop,MenuSeq)Values('s1103','违规处理','../CoalTraffic/Warning/BadRecordHandle.aspx','','1','3','s1000','s1101','1','','0','s0001.s1000.s1101.s1103')
Insert Into Sys_Menu(MenuID,MenuName,MenuUrl,FunctionID,IsLeaf,MenuLevel,RootID,ParentsID,DisplayOrder,IcValue,IsPop,MenuSeq)Values('s1104','煤矿余额不足警报','../CoalTraffic/Warning/ColieryAccount.aspx','','1','3','s1000','s1101','2','s1104.png','0','s0001.s1000.s1101.s1104')
Insert Into Sys_Menu(MenuID,MenuName,MenuUrl,FunctionID,IsLeaf,MenuLevel,RootID,ParentsID,DisplayOrder,IcValue,IsPop,MenuSeq)Values('s1105','网络状态报警','../CoalTraffic/BaseSetting/Room/RoomMonitor.aspx','','1','3','s1000','s1101','3','s1102.png','0','s0001.s1000.s1101.s1105')

Insert Into Sys_Menu(MenuID,MenuName,MenuUrl,FunctionID,IsLeaf,MenuLevel,RootID,ParentsID,DisplayOrder,IcValue,IsPop,MenuSeq)Values('s1106','实时数据监控','','','0','2','s1000','s1000','12','','0','s0001.s1000.s1106')
Insert Into Sys_Menu(MenuID,MenuName,MenuUrl,FunctionID,IsLeaf,MenuLevel,RootID,ParentsID,DisplayOrder,IcValue,IsPop,MenuSeq)Values('s1107','空车过磅监控','../CoalTraffic/EmtpyWeight/EmptyWeightList.aspx','','1','3','s1000','s1106','1','','0','s0001.s1000.s1106.s1107')
Insert Into Sys_Menu(MenuID,MenuName,MenuUrl,FunctionID,IsLeaf,MenuLevel,RootID,ParentsID,DisplayOrder,IcValue,IsPop,MenuSeq)Values('s1108','重车过磅监控','../CoalTraffic/LoadWeight/LoadWeightList.aspx','','1','3','s1000','s1106','2','','0','s0001.s1000.s1106.s1108')
Insert Into Sys_Menu(MenuID,MenuName,MenuUrl,FunctionID,IsLeaf,MenuLevel,RootID,ParentsID,DisplayOrder,IcValue,IsPop,MenuSeq)Values('s1109','散煤过磅监控','../CoalTraffic/LoadWeight/SpreadWeightList.aspx','','1','3','s1000','s1106','3','','0','s0001.s1000.s1106.s1109')
Insert Into Sys_Menu(MenuID,MenuName,MenuUrl,FunctionID,IsLeaf,MenuLevel,RootID,ParentsID,DisplayOrder,IcValue,IsPop,MenuSeq)Values('s1110','过境煤监控','../CoalTraffic/OutLoadWeight/OutLoadWeightList.aspx','','1','3','s1000','s1106','4','','0','s0001.s1000.s1106.s1110')
Insert Into Sys_Menu(MenuID,MenuName,MenuUrl,FunctionID,IsLeaf,MenuLevel,RootID,ParentsID,DisplayOrder,IcValue,IsPop,MenuSeq)Values('s1111','验票监控','../CoalTraffic/LoadWeight/CheckBangList.aspx','','1','3','s1000','s1106','5','','0','s0001.s1000.s1106.s1111')
Insert Into Sys_Menu(MenuID,MenuName,MenuUrl,FunctionID,IsLeaf,MenuLevel,RootID,ParentsID,DisplayOrder,IcValue,IsPop,MenuSeq)Values('s1112','磅秤数据监控','../CoalTraffic/RealTimeMonitor/Default.aspx','','1','3','s1000','s1106','6','s1112.png','0','s0001.s1000.s1106.s1112')

Insert Into Sys_Menu(MenuID,MenuName,MenuUrl,FunctionID,IsLeaf,MenuLevel,RootID,ParentsID,DisplayOrder,IcValue,IsPop,MenuSeq)Values('s1121','二次打印','','','0','2','s1000','s1000','13','','0','s0001.s1000.s1121')
Insert Into Sys_Menu(MenuID,MenuName,MenuUrl,FunctionID,IsLeaf,MenuLevel,RootID,ParentsID,DisplayOrder,IcValue,IsPop,MenuSeq)Values('s1122','车辆信息二次打印','../CoalTraffic/TwoPrint/CarInfoPrintList.aspx','','1','3','s1000','s1121','1','','0','s0001.s1000.s1121.s1122')
Insert Into Sys_Menu(MenuID,MenuName,MenuUrl,FunctionID,IsLeaf,MenuLevel,RootID,ParentsID,DisplayOrder,IcValue,IsPop,MenuSeq)Values('s1123','重车过磅二次打印','../CoalTraffic/TwoPrint/LoadWeightPrintList.aspx','','1','3','s1000','s1121','2','','0','s0001.s1000.s1121.s1123')
Insert Into Sys_Menu(MenuID,MenuName,MenuUrl,FunctionID,IsLeaf,MenuLevel,RootID,ParentsID,DisplayOrder,IcValue,IsPop,MenuSeq)Values('s1124','散煤二次打印','../CoalTraffic/TwoPrint/SpreadWeightPrintList.aspx','','1','3','s1000','s1121','3','','0','s0001.s1000.s1121.s1124')
Insert Into Sys_Menu(MenuID,MenuName,MenuUrl,FunctionID,IsLeaf,MenuLevel,RootID,ParentsID,DisplayOrder,IcValue,IsPop,MenuSeq)Values('s1125','过境煤二次打印','../CoalTraffic/TwoPrint/OutLoadWeightPrintList.aspx','','1','3','s1000','s1121','4','','0','s0001.s1000.s1121.s1125')
Insert Into Sys_Menu(MenuID,MenuName,MenuUrl,FunctionID,IsLeaf,MenuLevel,RootID,ParentsID,DisplayOrder,IcValue,IsPop,MenuSeq)Values('s1126','准运卡二次打印','../CoalTraffic/TwoPrint/NavicertPrintList.aspx','','1','3','s1000','s1121','5','','0','s0001.s1000.s1121.s1126')
Insert Into Sys_Menu(MenuID,MenuName,MenuUrl,FunctionID,IsLeaf,MenuLevel,RootID,ParentsID,DisplayOrder,IcValue,IsPop,MenuSeq)Values('s1127','煤矿转账二次打印','../CoalTraffic/TwoPrint/TransferAccountPrintList.aspx','','1','3','s1000','s1121','5','','0','s0001.s1000.s1121.s1127')

Insert Into Sys_Menu(MenuID,MenuName,MenuUrl,FunctionID,IsLeaf,MenuLevel,RootID,ParentsID,DisplayOrder,IcValue,IsPop,MenuSeq)Values('s1150','煤矿自助查询','','','0','2','s1000','s1000','17','','0','s0001.s1000.s1150')
Insert Into Sys_Menu(MenuID,MenuName,MenuUrl,FunctionID,IsLeaf,MenuLevel,RootID,ParentsID,DisplayOrder,IcValue,IsPop,MenuSeq)Values('s1151','税费缴纳明细查询','../CoalTraffic/CollSearch/AccountAdd.aspx','','1','3','s1000','s1150','1','','0','s0001.s1000.s1150.s1151')
Insert Into Sys_Menu(MenuID,MenuName,MenuUrl,FunctionID,IsLeaf,MenuLevel,RootID,ParentsID,DisplayOrder,IcValue,IsPop,MenuSeq)Values('s1152','运煤明细查询','../CoalTraffic/CollSearch/LoadWeightDetails.aspx','','1','3','s1000','s1150','2','','0','s0001.s1000.s1150.s1152')

Insert Into Sys_Menu(MenuID,MenuName,MenuUrl,FunctionID,IsLeaf,MenuLevel,RootID,ParentsID,DisplayOrder,IcValue,IsPop,MenuSeq)Values('s1160','数据分析','','','0','2','s1000','s1000','14','','0','s0001.s1000.s1160')
Insert Into Sys_Menu(MenuID,MenuName,MenuUrl,FunctionID,IsLeaf,MenuLevel,RootID,ParentsID,DisplayOrder,IcValue,IsPop,MenuSeq)Values('s1161','煤矿运煤分析','../CoalTraffic/DataAnalysis/CollTransStat.aspx','','1','3','s1000','s1160','1','','0','s0001.s1000.s1160.s1161')
Insert Into Sys_Menu(MenuID,MenuName,MenuUrl,FunctionID,IsLeaf,MenuLevel,RootID,ParentsID,DisplayOrder,IcValue,IsPop,MenuSeq)Values('s1162','税费征收分析','../CoalTraffic/DataAnalysis/TaxAmountStat.aspx','','1','3','s1000','s1160','2','','0','s0001.s1000.s1160.s1162')

Insert Into Sys_Menu(MenuID,MenuName,MenuUrl,FunctionID,IsLeaf,MenuLevel,RootID,ParentsID,DisplayOrder,IcValue,IsPop,MenuSeq)Values('s1170','异常分析','','','0','2','s1000','s1000','15','','0','s0001.s1000.s1170')
Insert Into Sys_Menu(MenuID,MenuName,MenuUrl,FunctionID,IsLeaf,MenuLevel,RootID,ParentsID,DisplayOrder,IcValue,IsPop,MenuSeq)Values('s1171','空车重量异常分析','../CoalTraffic/ExceptionAnalysis/CarEmptyWeightAnalysis.aspx','','1','3','s1000','s1170','1','','0','s0001.s1000.s1170.s1171')
Insert Into Sys_Menu(MenuID,MenuName,MenuUrl,FunctionID,IsLeaf,MenuLevel,RootID,ParentsID,DisplayOrder,IcValue,IsPop,MenuSeq)Values('s1172','违规异常统计','../CoalTraffic/ExceptionAnalysis/BadRecordAnalysis.aspx','','1','3','s1000','s1170','2','','0','s0001.s1000.s1170.s1172')

Insert Into Sys_Menu(MenuID,MenuName,MenuUrl,FunctionID,IsLeaf,MenuLevel,RootID,ParentsID,DisplayOrder,IcValue,IsPop,MenuSeq)Values('s1180','车辆管理','','','0','2','s1000','s1000','4','','0','s0001.s1000.ss1180')
Insert Into Sys_Menu(MenuID,MenuName,MenuUrl,FunctionID,IsLeaf,MenuLevel,RootID,ParentsID,DisplayOrder,IcValue,IsPop,MenuSeq)Values('s1181','添加车辆信息','../CoalTraffic/EmtpyWeight/CarInfoEdit.aspx','','1','3','s1000','s1180','1','','0','s0001.s1000.s1180.s1181')
Insert Into Sys_Menu(MenuID,MenuName,MenuUrl,FunctionID,IsLeaf,MenuLevel,RootID,ParentsID,DisplayOrder,IcValue,IsPop,MenuSeq)Values('s1182','修改车辆信息','../CoalTraffic/EmtpyWeight/CarInfoEditList.aspx','','1','3','s1000','s1180','1','','0','s0001.s1000.s1180.s1182')
Insert Into Sys_Menu(MenuID,MenuName,MenuUrl,FunctionID,IsLeaf,MenuLevel,RootID,ParentsID,DisplayOrder,IcValue,IsPop,MenuSeq)Values('s1183','车辆违规记录','../CoalTraffic/EmtpyWeight/CarBadRecordList.aspx','','1','3','s1000','s1180','1','s0024.png','0','s0001.s1000.s1180.s1183')

Insert Into Sys_Menu(MenuID,MenuName,MenuUrl,FunctionID,IsLeaf,MenuLevel,RootID,ParentsID,DisplayOrder,IcValue,IsPop,MenuSeq)Values('s1191','短信管理','','','0','2','s1000','s1000','16','','0','s0001.s1000.s1191')
Insert Into Sys_Menu(MenuID,MenuName,MenuUrl,FunctionID,IsLeaf,MenuLevel,RootID,ParentsID,DisplayOrder,IcValue,IsPop,MenuSeq)Values('s1192','短信人员维护','../CoalTraffic/SMSManage/PersonInfoList.aspx','','1','3','s1000','s1191','1','','0','s0001.s1000.s1191.s1192')
Insert Into Sys_Menu(MenuID,MenuName,MenuUrl,FunctionID,IsLeaf,MenuLevel,RootID,ParentsID,DisplayOrder,IcValue,IsPop,MenuSeq)Values('s1193','煤炭局监察维护','../CoalTraffic/SMSManage/SuperviseList.aspx','','1','3','s1000','s1191','2','','0','s0001.s1000.s1191.s1193')
Insert Into Sys_Menu(MenuID,MenuName,MenuUrl,FunctionID,IsLeaf,MenuLevel,RootID,ParentsID,DisplayOrder,IcValue,IsPop,MenuSeq)Values('s1194','验票站监察维护','../CoalTraffic/SMSManage/RoomSuperviseList.aspx','','1','3','s1000','s1191','3','','0','s0001.s1000.s1191.s1194')
Insert Into Sys_Menu(MenuID,MenuName,MenuUrl,FunctionID,IsLeaf,MenuLevel,RootID,ParentsID,DisplayOrder,IcValue,IsPop,MenuSeq)Values('s1195','煤矿监察维护','../CoalTraffic/SMSManage/CollierySuperviseList.aspx','','1','3','s1000','s1191','3','','0','s0001.s1000.s1191.s1195')









Insert Into Sys_Menu(MenuID,MenuName,MenuUrl,FunctionID,IsLeaf,MenuLevel,RootID,ParentsID,DisplayOrder,IcValue,IsPop,MenuSeq)Values('s2000','调运系统CS端','','','0','1','s0001','s0001','1','','','s0001.s2000')
Insert Into Sys_Menu(MenuID,MenuName,MenuUrl,FunctionID,IsLeaf,MenuLevel,RootID,ParentsID,DisplayOrder,IcValue,IsPop,MenuSeq)Values('s2100','系统设置','','','0','2','s2000','s2000','1','','','s0001.s2000.s2100')
Insert Into Sys_Menu(MenuID,MenuName,MenuUrl,FunctionID,IsLeaf,MenuLevel,RootID,ParentsID,DisplayOrder,IcValue,IsPop,MenuSeq)Values('s2101','数据库设置','','','1','3','s2000','s2100','1','','','s0001.s2000.s2100.s2101')
Insert Into Sys_Menu(MenuID,MenuName,MenuUrl,FunctionID,IsLeaf,MenuLevel,RootID,ParentsID,DisplayOrder,IcValue,IsPop,MenuSeq)Values('s2102','验票站设置','','','1','3','s2000','s2100','2','','','s0001.s2000.s2100.s2102')
Insert Into Sys_Menu(MenuID,MenuName,MenuUrl,FunctionID,IsLeaf,MenuLevel,RootID,ParentsID,DisplayOrder,IcValue,IsPop,MenuSeq)Values('s2103','修改密码','','','1','3','s2000','s2100','3','','','s0001.s2000.s2100.s2103')

Insert Into Sys_Menu(MenuID,MenuName,MenuUrl,FunctionID,IsLeaf,MenuLevel,RootID,ParentsID,DisplayOrder,IcValue,IsPop,MenuSeq)Values('s2200','过磅管理','','','0','2','s2000','s2000','2','','','s0001.s2000.s2200')
Insert Into Sys_Menu(MenuID,MenuName,MenuUrl,FunctionID,IsLeaf,MenuLevel,RootID,ParentsID,DisplayOrder,IcValue,IsPop,MenuSeq)Values('s2201','空车自动过磅','','','1','3','s2000','s2200','1','','','s0001.s2000.s2200.s2201')
Insert Into Sys_Menu(MenuID,MenuName,MenuUrl,FunctionID,IsLeaf,MenuLevel,RootID,ParentsID,DisplayOrder,IcValue,IsPop,MenuSeq)Values('s2202','空车手动过磅','','','1','3','s2000','s2200','2','','','s0001.s2000.s2200.s2202')
Insert Into Sys_Menu(MenuID,MenuName,MenuUrl,FunctionID,IsLeaf,MenuLevel,RootID,ParentsID,DisplayOrder,IcValue,IsPop,MenuSeq)Values('s2215','空车人工过磅','','','1','3','s2000','s2200','3','','','s0001.s2000.s2200.s2215')
Insert Into Sys_Menu(MenuID,MenuName,MenuUrl,FunctionID,IsLeaf,MenuLevel,RootID,ParentsID,DisplayOrder,IcValue,IsPop,MenuSeq)Values('s2210','散煤空车自动过磅','','','1','3','s2000','s2200','4','','','s0001.s2000.s2200.s2210')
Insert Into Sys_Menu(MenuID,MenuName,MenuUrl,FunctionID,IsLeaf,MenuLevel,RootID,ParentsID,DisplayOrder,IcValue,IsPop,MenuSeq)Values('s2211','散煤空车手动过磅','','','1','3','s2000','s2200','5','','','s0001.s2000.s2200.s2211')
Insert Into Sys_Menu(MenuID,MenuName,MenuUrl,FunctionID,IsLeaf,MenuLevel,RootID,ParentsID,DisplayOrder,IcValue,IsPop,MenuSeq)Values('s2216','散煤空车人工过磅','','','1','3','s2000','s2200','6','','','s0001.s2000.s2200.s2216')
Insert Into Sys_Menu(MenuID,MenuName,MenuUrl,FunctionID,IsLeaf,MenuLevel,RootID,ParentsID,DisplayOrder,IcValue,IsPop,MenuSeq)Values('s2203','重车自动过磅','','','1','3','s2000','s2200','7','','','s0001.s2000.s2200.s2203')
Insert Into Sys_Menu(MenuID,MenuName,MenuUrl,FunctionID,IsLeaf,MenuLevel,RootID,ParentsID,DisplayOrder,IcValue,IsPop,MenuSeq)Values('s2204','重车手动过磅','','','1','3','s2000','s2200','8','','','s0001.s2000.s2200.s2204')
Insert Into Sys_Menu(MenuID,MenuName,MenuUrl,FunctionID,IsLeaf,MenuLevel,RootID,ParentsID,DisplayOrder,IcValue,IsPop,MenuSeq)Values('s2212','重车人工过磅','','','1','3','s2000','s2200','9','','','s0001.s2000.s2200.s2212')
Insert Into Sys_Menu(MenuID,MenuName,MenuUrl,FunctionID,IsLeaf,MenuLevel,RootID,ParentsID,DisplayOrder,IcValue,IsPop,MenuSeq)Values('s2205','散煤自动过磅','','','1','3','s2000','s2200','10','','','s0001.s2000.s2200.s2205')
Insert Into Sys_Menu(MenuID,MenuName,MenuUrl,FunctionID,IsLeaf,MenuLevel,RootID,ParentsID,DisplayOrder,IcValue,IsPop,MenuSeq)Values('s2206','散煤手动过磅','','','1','3','s2000','s2200','11','','','s0001.s2000.s2200.s2206')
Insert Into Sys_Menu(MenuID,MenuName,MenuUrl,FunctionID,IsLeaf,MenuLevel,RootID,ParentsID,DisplayOrder,IcValue,IsPop,MenuSeq)Values('s2213','散煤人工过磅','','','1','3','s2000','s2200','12','','','s0001.s2000.s2200.s2213')
Insert Into Sys_Menu(MenuID,MenuName,MenuUrl,FunctionID,IsLeaf,MenuLevel,RootID,ParentsID,DisplayOrder,IcValue,IsPop,MenuSeq)Values('s2207','过境煤自动过磅','','','1','3','s2000','s2200','13','','','s0001.s2000.s2200.s2207')
Insert Into Sys_Menu(MenuID,MenuName,MenuUrl,FunctionID,IsLeaf,MenuLevel,RootID,ParentsID,DisplayOrder,IcValue,IsPop,MenuSeq)Values('s2208','过境煤手动过磅','','','1','3','s2000','s2200','14','','','s0001.s2000.s2200.s2208')
Insert Into Sys_Menu(MenuID,MenuName,MenuUrl,FunctionID,IsLeaf,MenuLevel,RootID,ParentsID,DisplayOrder,IcValue,IsPop,MenuSeq)Values('s2214','过境煤人工过磅','','','1','3','s2000','s2200','15','','','s0001.s2000.s2200.s2214')
Insert Into Sys_Menu(MenuID,MenuName,MenuUrl,FunctionID,IsLeaf,MenuLevel,RootID,ParentsID,DisplayOrder,IcValue,IsPop,MenuSeq)Values('s2209','车辆信息登记','','','1','3','s2000','s2200','16','','','s0001.s2000.s2200.s2209')

Insert Into Sys_Menu(MenuID,MenuName,MenuUrl,FunctionID,IsLeaf,MenuLevel,RootID,ParentsID,DisplayOrder,IcValue,IsPop,MenuSeq)Values('s2300','验票管理','','','0','2','s2000','s2000','4','','','s0001.s2000.s2300')
Insert Into Sys_Menu(MenuID,MenuName,MenuUrl,FunctionID,IsLeaf,MenuLevel,RootID,ParentsID,DisplayOrder,IcValue,IsPop,MenuSeq)Values('s2301','重车自动验票','','','1','3','s2000','s2300','1','','','s0001.s2000.s2300.s2301')
Insert Into Sys_Menu(MenuID,MenuName,MenuUrl,FunctionID,IsLeaf,MenuLevel,RootID,ParentsID,DisplayOrder,IcValue,IsPop,MenuSeq)Values('s2302','重车手动验票','','','1','3','s2000','s2300','2','','','s0001.s2000.s2300.s2302')
Insert Into Sys_Menu(MenuID,MenuName,MenuUrl,FunctionID,IsLeaf,MenuLevel,RootID,ParentsID,DisplayOrder,IcValue,IsPop,MenuSeq)Values('s2307','重车人工验票','','','1','3','s2000','s2300','3','','','s0001.s2000.s2300.s2307')
Insert Into Sys_Menu(MenuID,MenuName,MenuUrl,FunctionID,IsLeaf,MenuLevel,RootID,ParentsID,DisplayOrder,IcValue,IsPop,MenuSeq)Values('s2305','重车自动过磅','','','1','3','s2000','s2300','4','','','s0001.s2000.s2300.s2305')
Insert Into Sys_Menu(MenuID,MenuName,MenuUrl,FunctionID,IsLeaf,MenuLevel,RootID,ParentsID,DisplayOrder,IcValue,IsPop,MenuSeq)Values('s2306','重车手动过磅','','','1','3','s2000','s2300','5','','','s0001.s2000.s2300.s2306')
Insert Into Sys_Menu(MenuID,MenuName,MenuUrl,FunctionID,IsLeaf,MenuLevel,RootID,ParentsID,DisplayOrder,IcValue,IsPop,MenuSeq)Values('s2308','重车人工过磅','','','1','3','s2000','s2300','6','','','s0001.s2000.s2300.s2308')
Insert Into Sys_Menu(MenuID,MenuName,MenuUrl,FunctionID,IsLeaf,MenuLevel,RootID,ParentsID,DisplayOrder,IcValue,IsPop,MenuSeq)Values('s2303','散煤自动验票','','','1','3','s2000','s2300','7','','','s0001.s2000.s2300.s2303')
Insert Into Sys_Menu(MenuID,MenuName,MenuUrl,FunctionID,IsLeaf,MenuLevel,RootID,ParentsID,DisplayOrder,IcValue,IsPop,MenuSeq)Values('s2304','散煤手动验票','','','1','3','s2000','s2300','8','','','s0001.s2000.s2300.s2304')
Insert Into Sys_Menu(MenuID,MenuName,MenuUrl,FunctionID,IsLeaf,MenuLevel,RootID,ParentsID,DisplayOrder,IcValue,IsPop,MenuSeq)Values('s2309','散煤人工验票','','','1','3','s2000','s2300','9','','','s0001.s2000.s2300.s2309')

Insert Into Sys_Menu(MenuID,MenuName,MenuUrl,FunctionID,IsLeaf,MenuLevel,RootID,ParentsID,DisplayOrder,IcValue,IsPop,MenuSeq)Values('s2400','准运卡管理','','','0','2','s2000','s2000','5','','','s0001.s2000.s2400')
Insert Into Sys_Menu(MenuID,MenuName,MenuUrl,FunctionID,IsLeaf,MenuLevel,RootID,ParentsID,DisplayOrder,IcValue,IsPop,MenuSeq)Values('s2401','准运卡办理','','','1','3','s2000','s2400','1','','','s0001.s2000.s2400.s2401')
Insert Into Sys_Menu(MenuID,MenuName,MenuUrl,FunctionID,IsLeaf,MenuLevel,RootID,ParentsID,DisplayOrder,IcValue,IsPop,MenuSeq)Values('s2402','准运卡查询','','','1','3','s2000','s2400','2','','','s0001.s2000.s2400.s2402')
Insert Into Sys_Menu(MenuID,MenuName,MenuUrl,FunctionID,IsLeaf,MenuLevel,RootID,ParentsID,DisplayOrder,IcValue,IsPop,MenuSeq)Values('s2403','远程卡验证','','','1','3','s2000','s2400','4','','','s0001.s2000.s2400.s2403')
Insert Into Sys_Menu(MenuID,MenuName,MenuUrl,FunctionID,IsLeaf,MenuLevel,RootID,ParentsID,DisplayOrder,IcValue,IsPop,MenuSeq)Values('s2404','标识卡查询','','','1','3','s2000','s2400','3','','','s0001.s2000.s2400.s2404')

Insert Into Sys_Menu(MenuID,MenuName,MenuUrl,FunctionID,IsLeaf,MenuLevel,RootID,ParentsID,DisplayOrder,IcValue,IsPop,MenuSeq)Values('s2500','二次打印','','','0','2','s2000','s2000','5','','','s0001.s2000.s2500')
Insert Into Sys_Menu(MenuID,MenuName,MenuUrl,FunctionID,IsLeaf,MenuLevel,RootID,ParentsID,DisplayOrder,IcValue,IsPop,MenuSeq)Values('s2501','重车过磅二次打印','','','1','3','s2000','s2500','1','','','s0001.s2000.s2500.s2501')
Insert Into Sys_Menu(MenuID,MenuName,MenuUrl,FunctionID,IsLeaf,MenuLevel,RootID,ParentsID,DisplayOrder,IcValue,IsPop,MenuSeq)Values('s2502','过境煤过磅二次打印','','','1','3','s2000','s2500','2','','','s0001.s2000.s2500.s2502')
Insert Into Sys_Menu(MenuID,MenuName,MenuUrl,FunctionID,IsLeaf,MenuLevel,RootID,ParentsID,DisplayOrder,IcValue,IsPop,MenuSeq)Values('s2503','车辆信息二次打印','','','1','3','s2000','s2500','3','','','s0001.s2000.s2500.s2503')
Insert Into Sys_Menu(MenuID,MenuName,MenuUrl,FunctionID,IsLeaf,MenuLevel,RootID,ParentsID,DisplayOrder,IcValue,IsPop,MenuSeq)Values('s2504','空车过磅二次打印','','','1','3','s2000','s2500','4','','','s0001.s2000.s2500.s2504')
Insert Into Sys_Menu(MenuID,MenuName,MenuUrl,FunctionID,IsLeaf,MenuLevel,RootID,ParentsID,DisplayOrder,IcValue,IsPop,MenuSeq)Values('s2505','准运卡办理二次打印','','','1','3','s2000','s2500','5','','','s0001.s2000.s2500.s2505')

Insert Into Sys_Menu(MenuID,MenuName,MenuUrl,FunctionID,IsLeaf,MenuLevel,RootID,ParentsID,DisplayOrder,IcValue,IsPop,MenuSeq)Values('s2600','查询统计','','','0','2','s2000','s2000','6','','','s0001.s2000.s2600')
Insert Into Sys_Menu(MenuID,MenuName,MenuUrl,FunctionID,IsLeaf,MenuLevel,RootID,ParentsID,DisplayOrder,IcValue,IsPop,MenuSeq)Values('s2601','重车过磅查询','','','1','3','s2000','s2600','1','','','s0001.s2000.s2600.s2601')
Insert Into Sys_Menu(MenuID,MenuName,MenuUrl,FunctionID,IsLeaf,MenuLevel,RootID,ParentsID,DisplayOrder,IcValue,IsPop,MenuSeq)Values('s2602','验票过磅查询','','','1','3','s2000','s2600','2','','','s0001.s2000.s2600.s2602')
Insert Into Sys_Menu(MenuID,MenuName,MenuUrl,FunctionID,IsLeaf,MenuLevel,RootID,ParentsID,DisplayOrder,IcValue,IsPop,MenuSeq)Values('s2603','过境煤过磅查询','','','1','3','s2000','s2600','3','','','s0001.s2000.s2600.s2603')
Insert Into Sys_Menu(MenuID,MenuName,MenuUrl,FunctionID,IsLeaf,MenuLevel,RootID,ParentsID,DisplayOrder,IcValue,IsPop,MenuSeq)Values('s2604','车辆信息查询','','','1','3','s2000','s2600','4','','','s0001.s2000.s2600.s2604')
Insert Into Sys_Menu(MenuID,MenuName,MenuUrl,FunctionID,IsLeaf,MenuLevel,RootID,ParentsID,DisplayOrder,IcValue,IsPop,MenuSeq)Values('s2605','空车过磅查询','','','1','5','s2000','s2600','1','','','s0001.s2000.s2600.s2605')

insert into dbo.Sys_Menu(MenuID,MenuName,IsLeaf,MenuLevel,RootID,ParentsID,DisplayOrder,MenuSeq)
values('s2607','社员煤管理',1,3,'s2000','s2300',7,'s0001.s2000.s2300.s2607')
insert into dbo.Sys_Menu(MenuID,MenuName,IsLeaf,MenuLevel,RootID,ParentsID,DisplayOrder,MenuSeq)
values('s2608','入境管理',1,3,'s2000','s2300',8,'s0001.s2000.s2300.s2608')
insert into dbo.Sys_Menu (MenuID,MenuName,IsLeaf,MenuLevel,RootID,ParentsID,DisplayOrder,MenuSeq)
values ('s2609','社员煤手动过磅',1,3,'s2000','s2300',9,'s0001.s2000.s2300.s2609')
insert into dbo.Sys_Menu (MenuID,MenuName,IsLeaf,MenuLevel,RootID,ParentsID,DisplayOrder,MenuSeq)
values ('s2610','社员煤自动过磅',1,3,'s2000','s2300',10,'s0001.s2000.s2300.s2610')
insert into dbo.Sys_Menu (MenuID,MenuName,IsLeaf,MenuLevel,RootID,ParentsID,DisplayOrder,MenuSeq)
values ('s2611','入境煤手动过磅',1,3,'s2000','s2300',11,'s0001.s2000.s2300.s2611')
insert into dbo.Sys_Menu (MenuID,MenuName,IsLeaf,MenuLevel,RootID,ParentsID,DisplayOrder,MenuSeq)
values ('s2612','入境煤自动过磅',1,3,'s2000','s2300',10,'s0001.s2000.s2300.s2612')





Insert Into Sys_Menu(MenuID,MenuName,MenuUrl,FunctionID,IsLeaf,MenuLevel,RootID,ParentsID,DisplayOrder,IcValue,IsPop,MenuSeq)Values('s3000','发卡系统','','','0','1','s3000','s0001','1','','','s0001.s3000')
Insert Into Sys_Menu(MenuID,MenuName,MenuUrl,FunctionID,IsLeaf,MenuLevel,RootID,ParentsID,DisplayOrder,IcValue,IsPop,MenuSeq)Values('s3001','系统设置','','','0','2','s3000','s3000','1','','','s0001.s3000.s3001')
Insert Into Sys_Menu(MenuID,MenuName,MenuUrl,FunctionID,IsLeaf,MenuLevel,RootID,ParentsID,DisplayOrder,IcValue,IsPop,MenuSeq)Values('s3002','数据库设置','','','1','3','s3000','s3001','1','','0','s0001.s3000.s1001.s3002')
Insert Into Sys_Menu(MenuID,MenuName,MenuUrl,FunctionID,IsLeaf,MenuLevel,RootID,ParentsID,DisplayOrder,IcValue,IsPop,MenuSeq)Values('s3003','读卡器设置','','','1','3','s3000','s3001','1','','0','s0001.s3000.s1001.s3003')
Insert Into Sys_Menu(MenuID,MenuName,MenuUrl,FunctionID,IsLeaf,MenuLevel,RootID,ParentsID,DisplayOrder,IcValue,IsPop,MenuSeq)Values('s3004','修改密码','','','1','3','s3000','s3001','1','','0','s0001.s3000.s1001.s3004')
Insert Into Sys_Menu(MenuID,MenuName,MenuUrl,FunctionID,IsLeaf,MenuLevel,RootID,ParentsID,DisplayOrder,IcValue,IsPop,MenuSeq)Values('s3100','发卡管理','','','0','2','s3000','s3000','1','','','s0001.s3000.s3100')
Insert Into Sys_Menu(MenuID,MenuName,MenuUrl,FunctionID,IsLeaf,MenuLevel,RootID,ParentsID,DisplayOrder,IcValue,IsPop,MenuSeq)Values('s3101','准运卡办理','','','1','3','s3000','s3100','1','','0','s0001.s3000.s3100.s3101')
Insert Into Sys_Menu(MenuID,MenuName,MenuUrl,FunctionID,IsLeaf,MenuLevel,RootID,ParentsID,DisplayOrder,IcValue,IsPop,MenuSeq)Values('s3102','标识卡办理','','','1','3','s3000','s3100','1','','0','s0001.s3000.s3100.s3102')
Insert Into Sys_Menu(MenuID,MenuName,MenuUrl,FunctionID,IsLeaf,MenuLevel,RootID,ParentsID,DisplayOrder,IcValue,IsPop,MenuSeq)Values('s3103','临时卡办理','','','1','3','s3000','s3100','1','','0','s0001.s3000.s3100.s3103')




Insert Into TT_Room(RoomCode,VillageCode,RoomName,Principal,Telephone,TransportModel,RoomType,RoomIp,OnOff,OffLineTime,OffLineBegin,CollCode,IsForbid,Remark)Values('0','','中心机房','','','','0','192.168.1.1','1','0','','','0','')
Insert Into Sys_Operator(UserCode,UserName,Password,IsForbid,OrgCode,Tel,Email,Address,ZipCode,PID,Gender,RegDate,MobileNo,TypeCode,IsChangePwd)Values('0','超级管理员','827CCB0EEA8A706C4C34A16891F84E7B','0','0','','ljb@ee.com','','','130682800616342','女','2009/10/16 15:31:39','15011912245','','0')
Insert Into Sys_Organization(OrgCode,OrgName,OrgLevel,ParentOrgCode,OrgSeq,OrgType,LinkMan,LinkManTel,Email,IsForbid,Remark,SysCode)Values('0','煤炭管理部门','1','-1','0.','','','','','0','','0.')
Insert Into Sys_Organization(OrgCode,OrgName,OrgLevel,ParentOrgCode,OrgSeq,OrgType,LinkMan,LinkManTel,Email,IsForbid,Remark,SysCode)Values('1001','磅房收费站','1','0','0.1001.','1','','','','0','','')

INSERT INTO [TT_MonitorLoadWeight]([MonitorName],[ChineseName],[IsCancel]) VALUES ('EmptyWeight','空车重量',0)
INSERT INTO [TT_MonitorLoadWeight]([MonitorName],[ChineseName],[IsCancel]) VALUES ('LoadWeight','重车重量',0)
INSERT INTO [TT_MonitorLoadWeight]([MonitorName],[ChineseName],[IsCancel]) VALUES ('NetWeight','净重',0)
INSERT INTO [TT_MonitorLoadWeight]([MonitorName],[ChineseName],[IsCancel]) VALUES ('OverWeight','超重',0)
INSERT INTO [TT_MonitorLoadWeight]([MonitorName],[ChineseName],[IsCancel]) VALUES ('TaxAmount','税费',0)
INSERT INTO [TT_MonitorLoadWeight]([MonitorName],[ChineseName],[IsCancel]) VALUES ('FundAmount','基金',0)
INSERT INTO [TT_MonitorLoadWeight]([MonitorName],[ChineseName],[IsCancel]) VALUES ('Operator','操作人',0)
INSERT INTO [TT_MonitorLoadWeight]([MonitorName],[ChineseName],[IsCancel]) VALUES ('WeightTime','过磅时间',0)
INSERT INTO [TT_MonitorLoadWeight]([MonitorName],[ChineseName],[IsCancel]) VALUES ('CarNo','车牌号',0)
INSERT INTO [TT_MonitorLoadWeight]([MonitorName],[ChineseName],[IsCancel]) VALUES ('CarOwnerName','车主姓名',0)
INSERT INTO [TT_MonitorLoadWeight]([MonitorName],[ChineseName],[IsCancel]) VALUES ('RoomName','磅房名称',0)
INSERT INTO [TT_MonitorLoadWeight]([MonitorName],[ChineseName],[IsCancel]) VALUES ('CollName','煤矿名称',0)
INSERT INTO [TT_MonitorLoadWeight]([MonitorName],[ChineseName],[IsCancel]) VALUES ('CoalKindName','煤种名称',0)
INSERT INTO [TT_MonitorLoadWeight]([MonitorName],[ChineseName],[IsCancel]) VALUES ('NavicertCode','准运卡号',0)
INSERT INTO [TT_MonitorLoadWeight]([MonitorName],[ChineseName],[IsCancel]) VALUES ('MarkedCardCode','标识卡号',0)
INSERT INTO [TT_MonitorLoadWeight]([MonitorName],[ChineseName],[IsCancel]) VALUES ('RemoteCardCode','远程卡号',0)
INSERT INTO [TT_MonitorLoadWeight]([MonitorName],[ChineseName],[IsCancel]) VALUES ('WeightCode','过磅单号',0)
